USE XWAY;

DELETE FROM XT_USERTOOLBOX;
DELETE FROM XT_TOOLBOX;
DELETE FROM XT_ROLEMENU;
DELETE FROM XT_MENU WHERE PARENTID IS NOT NULL;
DELETE FROM XT_MENU ;
DELETE FROM XT_RESOURCE;
DELETE FROM XT_ROLEPRIVILEGE;
DELETE FROM XT_PRIVILEGE;

/* Base Privilege */
INSERT INTO XT_PRIVILEGE(PRIVILEGEID, DESCRIPTION, NAME) VALUES(1, 'Base', 'Base');

/* Login */
-- INSERT INTO XT_RESOURCE(RESOURCEID, LINK) VALUES(1, 'Index');

INSERT INTO XT_RESOURCE(RESOURCEID, LINK) VALUES(2, 'Login');
INSERT INTO XT_RESOURCE(RESOURCEID, LINK) VALUES(3, 'Logout');

/* SystemLog */
--INSERT INTO XT_RESOURCE(RESOURCEID, LINK) VALUES(10, '404');

/* controls */
INSERT INTO XT_RESOURCE(RESOURCEID, LINK, PRIVILEGEID) VALUES(20, 'Calendar', 1);
INSERT INTO XT_RESOURCE(RESOURCEID, LINK, PRIVILEGEID) VALUES(21, 'Help', 1);
--INSERT INTO XT_RESOURCE(RESOURCEID, LINK) VALUES(22, 'HelpDirectory');
--INSERT INTO XT_RESOURCE(RESOURCEID, LINK) VALUES(23, 'HelpContent');
--INSERT INTO XT_RESOURCE(RESOURCEID, LINK) VALUES(24, 'Resource');

/* base function */
INSERT INTO XT_RESOURCE(RESOURCEID, LINK, PRIVILEGEID, LABEL) VALUES(50, 'ViewDataView',1, 'ViewDataView');
INSERT INTO XT_RESOURCE(RESOURCEID, LINK, PRIVILEGEID, LABEL) VALUES(51, 'ModifyTableColumn',1, 'ModifyTableColumn');
INSERT INTO XT_RESOURCE(RESOURCEID, LINK, PRIVILEGEID, LABEL) VALUES(52, 'SaveTableColumn',1, 'SaveTableColumn');
INSERT INTO XT_RESOURCE(RESOURCEID, LINK, PRIVILEGEID, LABEL) VALUES(55, 'FindMyMenus',1, 'FindMyMenus');
-- INSERT INTO XT_PRIVILEGE(PRIVILEGEID, DESCRIPTION, NAME) VALUES(55, 'UploadAttachment', 'UploadAttachment');
-- INSERT INTO XT_RESOURCE(RESOURCEID, LINK, PRIVILEGEID, LABEL) VALUES(55, 'UploadAttachment',55, 'UploadAttachment');
-- INSERT INTO XT_RESOURCE(RESOURCEID, LINK, PRIVILEGEID, LABEL) VALUES(56, 'PopUploadDialog',55, 'PopUploadDialog');
-- INSERT INTO XT_PRIVILEGE(PRIVILEGEID, DESCRIPTION, NAME) VALUES(57, 'DownloadAttachment', 'DownloadAttachment');
-- INSERT INTO XT_RESOURCE(RESOURCEID, LINK, PRIVILEGEID, LABEL) VALUES(57, 'DownloadAttachment',57, 'DownloadAttachment');


/* Account */
INSERT INTO XT_RESOURCE(RESOURCEID, LINK, PRIVILEGEID, LABEL) VALUES(90, 'SaveProfileInformation',1, 'SaveProfileInformation');
INSERT INTO XT_RESOURCE(RESOURCEID, LINK, PRIVILEGEID, LABEL) VALUES(91, 'SaveProfileCustomize',1,'SaveProfileCustomize');
INSERT INTO XT_RESOURCE(RESOURCEID, LINK, PRIVILEGEID, LABEL) VALUES(92, 'SaveProfilePassword',1,'SaveProfilePassword');
-- INSERT INTO XT_RESOURCE(RESOURCEID, LINK, PRIVILEGEID, LABEL, CANMENU, STAY) VALUES(90, 'ViewProfile',1, 'ViewProfile',1, 1);
-- INSERT INTO XT_RESOURCE(RESOURCEID, LINK, PRIVILEGEID, LABEL, CANMENU, STAY) VALUES(91, 'ModifyProfile',1, 'ModifyProfile',1, 1);
-- INSERT INTO XT_RESOURCE(RESOURCEID, LINK, PRIVILEGEID, LABEL) VALUES(95, 'ViewProfilePhoto',1,'ViewProfilePhoto');
-- INSERT INTO XT_RESOURCE(RESOURCEID, LINK, PRIVILEGEID, LABEL) VALUES(96, 'SaveProfilePhoto',1,'SaveProfilePhoto');

/* Enum */
INSERT INTO XT_RESOURCE(RESOURCEID, LINK, PRIVILEGEID, LABEL) VALUES(100, 'ListAllGender',1, 'ListAllGender');

INSERT INTO XT_RESOURCE(RESOURCEID, LINK, PRIVILEGEID, LABEL) VALUES(200, 'ListAllCountry',1, 'ListAllCountry');
INSERT INTO XT_RESOURCE(RESOURCEID, LINK, PRIVILEGEID, LABEL) VALUES(201, 'ListAllLocale',1, 'ListAllLocale');
INSERT INTO XT_RESOURCE(RESOURCEID, LINK, PRIVILEGEID, LABEL) VALUES(202, 'ListAllTimeZone',1, 'ListAllTimeZone');


/*
	Home	System	workflow
	10xx	11xx	 12xx
*/

/* Home */
INSERT INTO XT_PRIVILEGE(PRIVILEGEID, DESCRIPTION, NAME) VALUES(1000, 'Home', 'Home');
INSERT INTO XT_RESOURCE(RESOURCEID, LINK, PRIVILEGEID, LABEL, CANMENU, STAY) VALUES(1000, 'Home',1000, 'Home', 1, 1);

/*
				System	List	View	save
				11xx	0000	0001	0002
	Employee	110x	1100	1101	1102
	Role		111x	1110	1111	1112
	Org			112x	1120	1121	1122
	Department  113x	1130	1131	1132
	Privilege	114x	1140
	Menu		115x	1150	1151	1152
	toolbox		116x	1160	1161	1162
*/

/* Employee */
INSERT INTO XT_PRIVILEGE(PRIVILEGEID, DESCRIPTION, NAME) VALUES(1100, 'ListEmployee', 'ListEmployee');
INSERT INTO XT_RESOURCE(RESOURCEID, LINK, PRIVILEGEID, LABEL, CANMENU, STAY) VALUES(1100, 'ListEmployee',1100, 'ListEmployee',1, 1);

INSERT INTO XT_PRIVILEGE(PRIVILEGEID, DESCRIPTION, NAME) VALUES(1101, 'ViewEmployee', 'ViewEmployee');
INSERT INTO XT_RESOURCE(RESOURCEID, LINK, PRIVILEGEID, LABEL, STAY) VALUES(1101, 'ViewEmployee',1101, 'ViewEmployee',1);

INSERT INTO XT_PRIVILEGE(PRIVILEGEID, DESCRIPTION, NAME) VALUES(1102, 'SaveEmployee', 'SaveEmployee');
INSERT INTO XT_RESOURCE(RESOURCEID, LINK, PRIVILEGEID, LABEL) VALUES(1102, 'SaveEmployee',1102, 'SaveEmployee');

-- INSERT INTO XT_PRIVILEGE(PRIVILEGEID, DESCRIPTION, NAME) VALUES(101, 'AddEmployee', 'AddEmployee');
-- INSERT INTO XT_RESOURCE(RESOURCEID, LINK, PRIVILEGEID, LABEL, STAY) VALUES(101, 'AddEmployee',101, 'AddEmployee', 1);


-- INSERT INTO XT_PRIVILEGE(PRIVILEGEID, DESCRIPTION, NAME) VALUES(104, 'ModifyEmployee', 'ModifyEmployee');
-- INSERT INTO XT_RESOURCE(RESOURCEID, LINK, PRIVILEGEID, LABEL, STAY) VALUES(104, 'ModifyEmployee',104, 'ModifyEmployee',1);

-- INSERT INTO XT_PRIVILEGE(PRIVILEGEID, DESCRIPTION, NAME) VALUES(105, 'DeleteEmployee', 'DeleteEmployee');
-- INSERT INTO XT_RESOURCE(RESOURCEID, LINK, PRIVILEGEID, LABEL) VALUES(105, 'DeleteEmployee',105, 'DeleteEmployee');

-- INSERT INTO XT_PRIVILEGE(PRIVILEGEID, DESCRIPTION, NAME) VALUES(106, 'ViewUserAccount', 'ViewUserAccount');
-- INSERT INTO XT_RESOURCE(RESOURCEID, LINK, PRIVILEGEID, LABEL) VALUES(106, 'ViewUserAccount',106, 'ViewUserAccount');

-- INSERT INTO XT_PRIVILEGE(PRIVILEGEID, DESCRIPTION, NAME) VALUES(107, 'ModifyUserAccount', 'ModifyUserAccount');
-- INSERT INTO XT_RESOURCE(RESOURCEID, LINK, PRIVILEGEID, LABEL, STAY) VALUES(107, 'ModifyUserAccount',107, 'ModifyUserAccount',1);

-- INSERT INTO XT_PRIVILEGE(PRIVILEGEID, DESCRIPTION, NAME) VALUES(108, 'SaveUserAccount', 'SaveUserAccount');
-- INSERT INTO XT_RESOURCE(RESOURCEID, LINK, PRIVILEGEID, LABEL) VALUES(108, 'SaveUserAccount',108, 'SaveUserAccount');

-- INSERT INTO XT_RESOURCE(RESOURCEID, LINK, PRIVILEGEID, LABEL) VALUES(109, 'ListEmployeeTree',100, 'ListEmployeeTree');


/* Role */
INSERT INTO XT_PRIVILEGE(PRIVILEGEID, DESCRIPTION, NAME) VALUES(1110, 'ListRole', 'ListRole');
INSERT INTO XT_RESOURCE(RESOURCEID, LINK, PRIVILEGEID, LABEL, CANMENU, STAY) VALUES(1110, 'ListRole',1110, 'ListRole',1, 1);

INSERT INTO XT_PRIVILEGE(PRIVILEGEID, DESCRIPTION, NAME) VALUES(1111, 'ViewRole', 'ViewRole');
INSERT INTO XT_RESOURCE(RESOURCEID, LINK, PRIVILEGEID, LABEL, STAY) VALUES(1111, 'ViewRole',1111, 'ViewRole', 1);

INSERT INTO XT_PRIVILEGE(PRIVILEGEID, DESCRIPTION, NAME) VALUES(1112, 'SaveRole', 'SaveRole');
INSERT INTO XT_RESOURCE(RESOURCEID, LINK, PRIVILEGEID, LABEL) VALUES(1112, 'SaveRole',1112, 'SaveRole');

-- INSERT INTO XT_PRIVILEGE(PRIVILEGEID, DESCRIPTION, NAME) VALUES(111, 'AddRole', 'AddRole');
-- INSERT INTO XT_RESOURCE(RESOURCEID, LINK, PRIVILEGEID, LABEL, STAY) VALUES(112, 'AddRole',111, 'AddRole', 1);

-- INSERT INTO XT_PRIVILEGE(PRIVILEGEID, DESCRIPTION, NAME) VALUES(113, 'ModifyRole', 'ModifyRole');
-- INSERT INTO XT_RESOURCE(RESOURCEID, LINK, PRIVILEGEID, LABEL, STAY) VALUES(114, 'ModifyRole',113, 'ModifyRole', 1);

-- INSERT INTO XT_PRIVILEGE(PRIVILEGEID, DESCRIPTION, NAME) VALUES(115, 'DeleteRole', 'DeleteRole');
-- INSERT INTO XT_RESOURCE(RESOURCEID, LINK, PRIVILEGEID, LABEL) VALUES(116, 'DeleteRole',114, 'DeleteRole');


/* Org */
INSERT INTO XT_PRIVILEGE(PRIVILEGEID, DESCRIPTION, NAME) VALUES(1120, 'ListOrg', 'ListOrg');
INSERT INTO XT_RESOURCE(RESOURCEID, LINK, PRIVILEGEID, LABEL, CANMENU, STAY) VALUES(1120, 'ListOrg',1120, 'ListOrg',1, 1);

INSERT INTO XT_PRIVILEGE(PRIVILEGEID, DESCRIPTION, NAME) VALUES(1121, 'ViewOrg', 'ViewOrg');
INSERT INTO XT_RESOURCE(RESOURCEID, LINK, PRIVILEGEID, LABEL, STAY) VALUES(1121, 'ViewOrg',1121, 'ViewOrg', 1);

INSERT INTO XT_PRIVILEGE(PRIVILEGEID, DESCRIPTION, NAME) VALUES(1122, 'SaveOrg', 'SaveOrg');
INSERT INTO XT_RESOURCE(RESOURCEID, LINK, PRIVILEGEID, LABEL) VALUES(1122, 'SaveOrg',1122, 'SaveOrg');

-- INSERT INTO XT_PRIVILEGE(PRIVILEGEID, DESCRIPTION, NAME) VALUES(130, 'AddOrg', 'AddOrg');
-- INSERT INTO XT_RESOURCE(RESOURCEID, LINK, PRIVILEGEID, LABEL, STAY) VALUES(130, 'AddOrg',130, 'AddOrg', 1);

-- INSERT INTO XT_PRIVILEGE(PRIVILEGEID, DESCRIPTION, NAME) VALUES(133, 'ModifyOrg', 'ModifyOrg');
-- INSERT INTO XT_RESOURCE(RESOURCEID, LINK, PRIVILEGEID, LABEL, STAY) VALUES(133, 'ModifyOrg',133, 'ModifyOrg', 1);

-- INSERT INTO XT_PRIVILEGE(PRIVILEGEID, DESCRIPTION, NAME) VALUES(134, 'DeleteOrg', 'DeleteOrg');
-- INSERT INTO XT_RESOURCE(RESOURCEID, LINK, PRIVILEGEID, LABEL) VALUES(134, 'DeleteOrg',134, 'DeleteOrg');

-- INSERT INTO XT_RESOURCE(RESOURCEID, LINK, PRIVILEGEID, LABEL) VALUES(136, 'ListOrgDialog',135, 'ListOrgDialog');


/* Department */
INSERT INTO XT_PRIVILEGE(PRIVILEGEID, DESCRIPTION, NAME) VALUES(1130, 'ListDepartment', 'ListDepartment');
INSERT INTO XT_RESOURCE(RESOURCEID, LINK, PRIVILEGEID, LABEL, CANMENU, STAY) VALUES(1130, 'ListDepartment',1130, 'ListDepartment',1,1);

INSERT INTO XT_PRIVILEGE(PRIVILEGEID, DESCRIPTION, NAME) VALUES(1131, 'ViewDepartment', 'ViewDepartment');
INSERT INTO XT_RESOURCE(RESOURCEID, LINK, PRIVILEGEID, LABEL, STAY) VALUES(1131, 'ViewDepartment',1131, 'ViewDepartment', 1);

INSERT INTO XT_PRIVILEGE(PRIVILEGEID, DESCRIPTION, NAME) VALUES(1132, 'SaveDepartment', 'SaveDepartment');
INSERT INTO XT_RESOURCE(RESOURCEID, LINK, PRIVILEGEID, LABEL) VALUES(1132, 'SaveDepartment',1132, 'SaveDepartment');

-- INSERT INTO XT_PRIVILEGE(PRIVILEGEID, DESCRIPTION, NAME) VALUES(120, 'AddDepartment', 'AddDepartment');
-- INSERT INTO XT_RESOURCE(RESOURCEID, LINK, PRIVILEGEID, LABEL, STAY) VALUES(120, 'AddDepartment',120, 'AddDepartment', 1);


-- INSERT INTO XT_PRIVILEGE(PRIVILEGEID, DESCRIPTION, NAME) VALUES(123, 'ModifyDepartment', 'ModifyDepartment');
-- INSERT INTO XT_RESOURCE(RESOURCEID, LINK, PRIVILEGEID, LABEL, STAY) VALUES(123, 'ModifyDepartment',123, 'ModifyDepartment', 1);

-- INSERT INTO XT_RESOURCE(RESOURCEID, LINK, PRIVILEGEID, LABEL) VALUES(125, 'ListDepartmentDialog',124, 'ListDepartmentDialog');

-- INSERT INTO XT_PRIVILEGE(PRIVILEGEID, DESCRIPTION, NAME) VALUES(125, 'DeleteDepartment', 'DeleteDepartment');
-- INSERT INTO XT_RESOURCE(RESOURCEID, LINK, PRIVILEGEID, LABEL) VALUES(126, 'DeleteDepartment',125, 'DeleteDepartment');

/* Privilege */
INSERT INTO XT_PRIVILEGE(PRIVILEGEID, DESCRIPTION, NAME) VALUES(1140, 'ListAllPrivilege', 'ListAllPrivilege');
INSERT INTO XT_RESOURCE(RESOURCEID, LINK, PRIVILEGEID, LABEL, CANMENU, STAY) VALUES(1140, 'ListAllPrivilege',1140, 'ListAllPrivilege',1,1);


/* Menu */
INSERT INTO XT_PRIVILEGE(PRIVILEGEID, DESCRIPTION, NAME) VALUES(1150, 'ListMenu', 'ListMenu');
INSERT INTO XT_RESOURCE(RESOURCEID, LINK, PRIVILEGEID, LABEL, CANMENU, STAY) VALUES(1150, 'ListAllMenu',1150, 'ListAllMenu',1, 1);
INSERT INTO XT_RESOURCE(RESOURCEID, LINK, PRIVILEGEID, LABEL, CANMENU, STAY) VALUES(1154, 'ListAllMenuTree',1150, 'ListAllMenuTree',1, 1);

INSERT INTO XT_PRIVILEGE(PRIVILEGEID, DESCRIPTION, NAME) VALUES(1151, 'ViewMenu', 'ViewMenu');
INSERT INTO XT_RESOURCE(RESOURCEID, LINK, PRIVILEGEID, LABEL, STAY) VALUES(1151, 'ViewMenu',1151, 'ViewMenu', 1);

INSERT INTO XT_PRIVILEGE(PRIVILEGEID, DESCRIPTION, NAME) VALUES(1152, 'SaveMenu', 'SaveMenu');
INSERT INTO XT_RESOURCE(RESOURCEID, LINK, PRIVILEGEID, LABEL) VALUES(1152, 'SaveMenu',1152, 'SaveMenu');

/* ToolBox */
INSERT INTO XT_PRIVILEGE(PRIVILEGEID, DESCRIPTION, NAME) VALUES(1160, 'ListToolBox', 'ListToolBox');
INSERT INTO XT_RESOURCE(RESOURCEID, LINK, PRIVILEGEID, LABEL, STAY) VALUES(1160, 'ListToolBox',1160, 'ListToolBox', 1);


-- INSERT INTO XT_PRIVILEGE(PRIVILEGEID, DESCRIPTION, NAME) VALUES(140, 'AddMenu', 'AddMenu');
-- INSERT INTO XT_RESOURCE(RESOURCEID, LINK, PRIVILEGEID, LABEL, STAY) VALUES(140, 'AddMenu',140, 'AddMenu', 1);

-- INSERT INTO XT_PRIVILEGE(PRIVILEGEID, DESCRIPTION, NAME) VALUES(143, 'ModifyMenu', 'ModifyMenu');
-- INSERT INTO XT_RESOURCE(RESOURCEID, LINK, PRIVILEGEID, LABEL, STAY) VALUES(143, 'ModifyMenu',143, 'ModifyMenu', 1);

-- INSERT INTO XT_RESOURCE(RESOURCEID, LINK, PRIVILEGEID, LABEL) VALUES(146, 'ListMenuDialog',145, 'ListMenuDialog');

-- INSERT INTO XT_PRIVILEGE(PRIVILEGEID, DESCRIPTION, NAME) VALUES(147, 'DeleteMenu', 'DeleteMenu');
-- INSERT INTO XT_RESOURCE(RESOURCEID, LINK, PRIVILEGEID, LABEL) VALUES(147, 'DeleteMenu',147, 'DeleteMenu');


-- INSERT INTO XT_PRIVILEGE(PRIVILEGEID, DESCRIPTION, NAME) VALUES(150, 'ViewRoleMenu', 'ViewRoleMenu');
-- INSERT INTO XT_RESOURCE(RESOURCEID, LINK, PRIVILEGEID, LABEL, STAY) VALUES(150, 'ViewRoleMenu',150, 'ViewRoleMenu', 1);

-- INSERT INTO XT_PRIVILEGE(PRIVILEGEID, DESCRIPTION, NAME) VALUES(151, 'ModifyRoleMenu', 'ModifyRoleMenu');
-- INSERT INTO XT_RESOURCE(RESOURCEID, LINK, PRIVILEGEID, LABEL, STAY) VALUES(151, 'ModifyRoleMenu',151, 'ModifyRoleMenu', 1);

-- INSERT INTO XT_PRIVILEGE(PRIVILEGEID, DESCRIPTION, NAME) VALUES(152, 'SaveRoleMenu', 'SaveRoleMenu');
-- INSERT INTO XT_RESOURCE(RESOURCEID, LINK, PRIVILEGEID, LABEL) VALUES(152, 'SaveRoleMenu',152, 'SaveRoleMenu');

/* Resource */
/*
INSERT INTO XT_PRIVILEGE(PRIVILEGEID, DESCRIPTION, NAME) VALUES(160, 'ListResourceDialog', 'ListResourceDialog');
INSERT INTO XT_RESOURCE(RESOURCEID, LINK, PRIVILEGEID, LABEL) VALUES(160, 'ListResourceDialog',160, 'ListResourceDialog');

INSERT INTO XT_PRIVILEGE(PRIVILEGEID, DESCRIPTION, NAME) VALUES(170, 'ViewToolBox', 'ViewToolBox');
INSERT INTO XT_RESOURCE(RESOURCEID, LINK, PRIVILEGEID, LABEL, STAY) VALUES(170, 'ViewToolBox',170, 'ViewToolBox', 1);

INSERT INTO XT_PRIVILEGE(PRIVILEGEID, DESCRIPTION, NAME) VALUES(172, 'SaveToolBox', 'SaveToolBox');
INSERT INTO XT_RESOURCE(RESOURCEID, LINK, PRIVILEGEID, LABEL) VALUES(172, 'SaveToolBox',172, 'SaveToolBox');


/* ------------------------------Tool Boxs ----------------------------- */
/*
INSERT INTO XT_PRIVILEGE(PRIVILEGEID, DESCRIPTION, NAME) VALUES(1000, 'ViewClock', 'ViewClock');
INSERT INTO XT_RESOURCE(RESOURCEID, LINK, PRIVILEGEID, LABEL, STAY) VALUES(1000, 'ViewClock',1000, 'ViewClock', 1);

INSERT INTO XT_PRIVILEGE(PRIVILEGEID, DESCRIPTION, NAME) VALUES(1010, 'ListBookmark', 'ListBookmark');
INSERT INTO XT_RESOURCE(RESOURCEID, LINK, PRIVILEGEID, LABEL, STAY) VALUES(1010, 'ListBookmark',1010, 'ListBookmark', 1);

INSERT INTO XT_PRIVILEGE(PRIVILEGEID, DESCRIPTION, NAME) VALUES(1011, 'SaveBookmark', 'SaveBookmark');
INSERT INTO XT_RESOURCE(RESOURCEID, LINK, PRIVILEGEID, LABEL) VALUES(1011, 'SaveBookmark',1011, 'SaveBookmark');

INSERT INTO XT_PRIVILEGE(PRIVILEGEID, DESCRIPTION, NAME) VALUES(1012, 'DeleteBookmark', 'DeleteBookmark');
INSERT INTO XT_RESOURCE(RESOURCEID, LINK, PRIVILEGEID, LABEL) VALUES(1012, 'DeleteBookmark',1012, 'DeleteBookmark');

INSERT INTO XT_PRIVILEGE(PRIVILEGEID, DESCRIPTION, NAME) VALUES(1020, 'OpenNotes', 'OpenNotes');
INSERT INTO XT_RESOURCE(RESOURCEID, LINK, PRIVILEGEID, LABEL, STAY) VALUES(1020, 'OpenNotes',1020, 'OpenNotes', 1);

INSERT INTO XT_PRIVILEGE(PRIVILEGEID, DESCRIPTION, NAME) VALUES(1021, 'ListNotes', 'ListNotes');
INSERT INTO XT_RESOURCE(RESOURCEID, LINK, PRIVILEGEID, LABEL, STAY) VALUES(1021, 'ListNotes',1021, 'ListNotes', 1);

INSERT INTO XT_PRIVILEGE(PRIVILEGEID, DESCRIPTION, NAME) VALUES(1022, 'AddNotes', 'AddNotes');
INSERT INTO XT_RESOURCE(RESOURCEID, LINK, PRIVILEGEID, LABEL, STAY) VALUES(1022, 'AddNotes',1022, 'AddNotes', 1);

INSERT INTO XT_PRIVILEGE(PRIVILEGEID, DESCRIPTION, NAME) VALUES(1023, 'ViewNotes', 'ViewNotes');
INSERT INTO XT_RESOURCE(RESOURCEID, LINK, PRIVILEGEID, LABEL, STAY) VALUES(1023, 'ViewNotes',1023, 'ViewNotes', 1);

INSERT INTO XT_PRIVILEGE(PRIVILEGEID, DESCRIPTION, NAME) VALUES(1024, 'ModifyNotes', 'ModifyNotes');
INSERT INTO XT_RESOURCE(RESOURCEID, LINK, PRIVILEGEID, LABEL, STAY) VALUES(1024, 'ModifyNotes',1024, 'ModifyNotes', 1);

INSERT INTO XT_PRIVILEGE(PRIVILEGEID, DESCRIPTION, NAME) VALUES(1025, 'DeleteNotes', 'DeleteNotes');
INSERT INTO XT_RESOURCE(RESOURCEID, LINK, PRIVILEGEID, LABEL) VALUES(1025, 'DeleteNotes',1025, 'DeleteNotes');

INSERT INTO XT_PRIVILEGE(PRIVILEGEID, DESCRIPTION, NAME) VALUES(1026, 'SaveNotes', 'SaveNotes');
INSERT INTO XT_RESOURCE(RESOURCEID, LINK, PRIVILEGEID, LABEL) VALUES(1026, 'SaveNotes',1026, 'SaveNotes');

INSERT INTO XT_PRIVILEGE(PRIVILEGEID, DESCRIPTION, NAME) VALUES(1030, 'OpenContacts', 'OpenContacts');
INSERT INTO XT_RESOURCE(RESOURCEID, LINK, PRIVILEGEID, LABEL, STAY) VALUES(1030, 'OpenContacts',1030, 'OpenContacts', 1);

INSERT INTO XT_PRIVILEGE(PRIVILEGEID, DESCRIPTION, NAME) VALUES(1031, 'ListEmployeeContacts', 'ListEmployeeContacts');
INSERT INTO XT_RESOURCE(RESOURCEID, LINK, PRIVILEGEID, LABEL, STAY) VALUES(1031, 'ListEmployeeContacts',1031, 'ListEmployeeContacts',1);

INSERT INTO XT_PRIVILEGE(PRIVILEGEID, DESCRIPTION, NAME) VALUES(1032, 'ViewEmployeeContacts', 'ViewEmployeeContacts');
INSERT INTO XT_RESOURCE(RESOURCEID, LINK, PRIVILEGEID, LABEL, STAY) VALUES(1032, 'ViewEmployeeContacts',1032, 'ViewEmployeeContacts',1);

INSERT INTO XT_PRIVILEGE(PRIVILEGEID, DESCRIPTION, NAME) VALUES(1033, 'ListContacts', 'ListContacts');
INSERT INTO XT_RESOURCE(RESOURCEID, LINK, PRIVILEGEID, LABEL, STAY) VALUES(1033, 'ListContacts',1033, 'ListContacts',1);

INSERT INTO XT_PRIVILEGE(PRIVILEGEID, DESCRIPTION, NAME) VALUES(1034, 'AddContacts', 'AddContacts');
INSERT INTO XT_RESOURCE(RESOURCEID, LINK, PRIVILEGEID, LABEL, STAY) VALUES(1034, 'AddContacts',1034, 'AddContacts',1);

INSERT INTO XT_PRIVILEGE(PRIVILEGEID, DESCRIPTION, NAME) VALUES(1035, 'SaveContacts', 'SaveContacts');
INSERT INTO XT_RESOURCE(RESOURCEID, LINK, PRIVILEGEID, LABEL) VALUES(1035, 'SaveContacts',1035, 'SaveContacts');

INSERT INTO XT_PRIVILEGE(PRIVILEGEID, DESCRIPTION, NAME) VALUES(1036, 'ViewContacts', 'ViewContacts');
INSERT INTO XT_RESOURCE(RESOURCEID, LINK, PRIVILEGEID, LABEL, STAY) VALUES(1036, 'ViewContacts',1036, 'ViewContacts',1);

INSERT INTO XT_PRIVILEGE(PRIVILEGEID, DESCRIPTION, NAME) VALUES(1037, 'ModifyContacts', 'ModifyContacts');
INSERT INTO XT_RESOURCE(RESOURCEID, LINK, PRIVILEGEID, LABEL, STAY) VALUES(1037, 'ModifyContacts',1037, 'ModifyContacts',1);

INSERT INTO XT_PRIVILEGE(PRIVILEGEID, DESCRIPTION, NAME) VALUES(1039, 'DeleteContacts', 'DeleteContacts');
INSERT INTO XT_RESOURCE(RESOURCEID, LINK, PRIVILEGEID, LABEL) VALUES(1039, 'DeleteContacts',1039, 'DeleteContacts');
*/


/* ------------------------------ Monitor ------------------------------- */
/* System Information */
/*
INSERT INTO XT_PRIVILEGE(PRIVILEGEID, DESCRIPTION, NAME) VALUES(60, 'ViewSystemInformation', 'ViewSystemInformation');
INSERT INTO XT_RESOURCE(RESOURCEID, LINK, PRIVILEGEID, LABEL, STAY) VALUES(60, 'ViewSystemInformation',60, 'ViewSystemInformation', 1);
/* 404 */
/*
INSERT INTO XT_PRIVILEGE(PRIVILEGEID, DESCRIPTION, NAME) VALUES(61, 'ListFour0Four', 'ListFour0Four');
INSERT INTO XT_RESOURCE(RESOURCEID, LINK, PRIVILEGEID, LABEL, STAY) VALUES(61, 'ListFour0Four',61, 'ListFour0Four', 1);

INSERT INTO XT_PRIVILEGE(PRIVILEGEID, DESCRIPTION, NAME) VALUES(62, 'ViewFour0Four', 'ViewFour0Four');
INSERT INTO XT_RESOURCE(RESOURCEID, LINK, PRIVILEGEID, LABEL, STAY) VALUES(62, 'ViewFour0Four',62, 'ViewFour0Four', 1);

INSERT INTO XT_PRIVILEGE(PRIVILEGEID, DESCRIPTION, NAME) VALUES(63, 'ListUserLoginLog', 'ListUserLoginLog');
INSERT INTO XT_RESOURCE(RESOURCEID, LINK, PRIVILEGEID, LABEL, STAY) VALUES(63, 'ListUserLoginLog',63, 'ListUserLoginLog', 1);

INSERT INTO XT_PRIVILEGE(PRIVILEGEID, DESCRIPTION, NAME) VALUES(64, 'ViewAccessLog', 'ViewAccessLog');
INSERT INTO XT_RESOURCE(RESOURCEID, LINK, PRIVILEGEID, LABEL, STAY) VALUES(64, 'ViewAccessLog',64, 'ViewAccessLog', 1);

INSERT INTO XT_PRIVILEGE(PRIVILEGEID, DESCRIPTION, NAME) VALUES(65, 'ListUserAlarmLog', 'ListUserAlarmLog');
INSERT INTO XT_RESOURCE(RESOURCEID, LINK, PRIVILEGEID, LABEL, STAY) VALUES(65, 'ListUserAlarmLog',65, 'ListUserAlarmLog', 1);

INSERT INTO XT_PRIVILEGE(PRIVILEGEID, DESCRIPTION, NAME) VALUES(66, 'ViewAlarmLog', 'ViewAlarmLog');
INSERT INTO XT_RESOURCE(RESOURCEID, LINK, PRIVILEGEID, LABEL, STAY) VALUES(66, 'ViewAlarmLog',66, 'ViewAlarmLog', 1);

INSERT INTO XT_PRIVILEGE(PRIVILEGEID, DESCRIPTION, NAME) VALUES(67, 'ListSlowLog', 'ListSlowLog');
INSERT INTO XT_RESOURCE(RESOURCEID, LINK, PRIVILEGEID, LABEL, STAY) VALUES(67, 'ListSlowLog',67, 'ListSlowLog', 1);

INSERT INTO XT_PRIVILEGE(PRIVILEGEID, DESCRIPTION, NAME) VALUES(68, 'ViewSlowLog', 'ViewSlowLog');
INSERT INTO XT_RESOURCE(RESOURCEID, LINK, PRIVILEGEID, LABEL, STAY) VALUES(68, 'ViewSlowLog',68, 'ViewSlowLog', 1);

INSERT INTO XT_PRIVILEGE(PRIVILEGEID, DESCRIPTION, NAME) VALUES(69, 'ListUserAccessLog', 'ListUserAccessLog');
INSERT INTO XT_RESOURCE(RESOURCEID, LINK, PRIVILEGEID, LABEL, STAY) VALUES(69, 'ListUserAccessLog',69, 'ListUserAccessLog', 1);
*/


/* ------------------------------ WorkFlow ------------------------------- */
/*
INSERT INTO XT_PRIVILEGE(PRIVILEGEID, DESCRIPTION, NAME) VALUES(3000, 'ListProcessDefinition', 'ListProcessDefinition');
INSERT INTO XT_RESOURCE(RESOURCEID, LINK, PRIVILEGEID, LABEL, CANMENU) VALUES(3000, 'ListProcessDefinition',3000, 'ListProcessDefinition',1);

INSERT INTO XT_PRIVILEGE(PRIVILEGEID, DESCRIPTION, NAME) VALUES(3001, 'ViewProcessDefinitionDiagram', 'ViewProcessDefinitionDiagram');
INSERT INTO XT_RESOURCE(RESOURCEID, LINK, PRIVILEGEID, LABEL) VALUES(3001, 'ViewProcessDefinitionDiagram',3001, 'ViewProcessDefinitionDiagram');

INSERT INTO XT_PRIVILEGE(PRIVILEGEID, DESCRIPTION, NAME) VALUES(3002, 'ModifyProcessDefinitionSuspend', 'ModifyProcessDefinitionSuspend');
INSERT INTO XT_RESOURCE(RESOURCEID, LINK, PRIVILEGEID, LABEL) VALUES(3002, 'ModifyProcessDefinitionSuspend',3002, 'ModifyProcessDefinitionSuspend');

INSERT INTO XT_PRIVILEGE(PRIVILEGEID, DESCRIPTION, NAME) VALUES(3010, 'ListProcessInstance', 'ListProcessInstance');
INSERT INTO XT_RESOURCE(RESOURCEID, LINK, PRIVILEGEID, LABEL, CANMENU) VALUES(3010, 'ListProcessInstance',3010, 'ListProcessInstance',1);

INSERT INTO XT_PRIVILEGE(PRIVILEGEID, DESCRIPTION, NAME) VALUES(3011, 'DeleteProcssInstance', 'DeleteProcssInstance');
INSERT INTO XT_RESOURCE(RESOURCEID, LINK, PRIVILEGEID, LABEL) VALUES(3011, 'DeleteProcssInstance',3011, 'DeleteProcssInstance');

INSERT INTO XT_PRIVILEGE(PRIVILEGEID, DESCRIPTION, NAME) VALUES(3012, 'ViewProcessInstanceDiagram', 'ViewProcessInstanceDiagram');
INSERT INTO XT_RESOURCE(RESOURCEID, LINK, PRIVILEGEID, LABEL) VALUES(3012, 'ViewProcessInstanceDiagram',3012, 'ViewProcessInstanceDiagram');

INSERT INTO XT_PRIVILEGE(PRIVILEGEID, DESCRIPTION, NAME) VALUES(3015, 'ListProcssInstanceLog', 'ListProcssInstanceLog');
INSERT INTO XT_RESOURCE(RESOURCEID, LINK, PRIVILEGEID, LABEL) VALUES(3015, 'ListProcssInstanceLog',3015, 'ListProcssInstanceLog');

INSERT INTO XT_PRIVILEGE(PRIVILEGEID, DESCRIPTION, NAME) VALUES(3020, 'ListCandidateTask', 'ListCandidateTask');
INSERT INTO XT_RESOURCE(RESOURCEID, LINK, PRIVILEGEID, LABEL, CANMENU) VALUES(3020, 'ListCandidateTask',3020, 'ListCandidateTask',1);

INSERT INTO XT_PRIVILEGE(PRIVILEGEID, DESCRIPTION, NAME) VALUES(3021, 'ListMyHistoricProcessInstance', 'ListMyHistoricProcessInstance');
INSERT INTO XT_RESOURCE(RESOURCEID, LINK, PRIVILEGEID, LABEL, CANMENU) VALUES(3021, 'ListMyHistoricProcessInstance',3021, 'ListMyHistoricProcessInstance',1);

INSERT INTO XT_PRIVILEGE(PRIVILEGEID, DESCRIPTION, NAME) VALUES(3022, 'ListMyCanStartupProcessDefinition', 'ListMyCanStartupProcessDefinition');
INSERT INTO XT_RESOURCE(RESOURCEID, LINK, PRIVILEGEID, LABEL, CANMENU) VALUES(3022, 'ListMyCanStartupProcessDefinition',3022, 'ListMyCanStartupProcessDefinition',1);

INSERT INTO XT_PRIVILEGE(PRIVILEGEID, DESCRIPTION, NAME) VALUES(3023, 'ClaimTask', 'ClaimTask');
INSERT INTO XT_RESOURCE(RESOURCEID, LINK, PRIVILEGEID, LABEL) VALUES(3023, 'ClaimTask',3023, 'ClaimTask');

INSERT INTO XT_PRIVILEGE(PRIVILEGEID, DESCRIPTION, NAME) VALUES(3024, 'ListMyToDoTask', 'ListMyToDoTask');
INSERT INTO XT_RESOURCE(RESOURCEID, LINK, PRIVILEGEID, LABEL, CANMENU) VALUES(3024, 'ListMyToDoTask',3024, 'ListMyToDoTask', 1);
*/

/* ------------------------------ OFFICE ------------------------------- */



/*
INSERT INTO XT_PRIVILEGE(PRIVILEGEID, DESCRIPTION, NAME) VALUES(1001, 'ListWorkFlow', 'ListWorkFlow');
INSERT INTO XT_RESOURCE(RESOURCEID, LINK, PRIVILEGEID, LABEL) VALUES(1001, 'ListWorkFlow',1001, 'ListWorkFlow');

INSERT INTO XT_PRIVILEGE(PRIVILEGEID, DESCRIPTION, NAME) VALUES(1002, 'ListMyWorkFlow', 'ListMyWorkFlow');
INSERT INTO XT_RESOURCE(RESOURCEID, LINK, PRIVILEGEID, LABEL) VALUES(1002, 'ListMyWorkFlow',1002, 'ListMyWorkFlow');

INSERT INTO XT_PRIVILEGE(PRIVILEGEID, DESCRIPTION, NAME) VALUES(1003, 'StartupWorkFlow', 'StartupWorkFlow');
INSERT INTO XT_RESOURCE(RESOURCEID, LINK, PRIVILEGEID, LABEL) VALUES(1003, 'StartupWorkFlow',1003, 'StartupWorkFlow');

INSERT INTO XT_PRIVILEGE(PRIVILEGEID, DESCRIPTION, NAME) VALUES(10000, 'AddVacation', 'AddVacation');
INSERT INTO XT_RESOURCE(RESOURCEID, LINK, PRIVILEGEID, LABEL) VALUES(10000, 'AddVacation',10000, 'AddVacation');

INSERT INTO XT_PRIVILEGE(PRIVILEGEID, DESCRIPTION, NAME) VALUES(10001, 'PostVacationRequest', 'PostVacationRequest');
INSERT INTO XT_RESOURCE(RESOURCEID, LINK, PRIVILEGEID, LABEL) VALUES(10001, 'PostVacationRequest',10001, 'PostVacationRequest');
*/


INSERT INTO XT_ROLEPRIVILEGE(ROLEID, PRIVILEGEID)  (SELECT 1, PRIVILEGEID FROM XT_PRIVILEGE );

/* ---------------------------------------- */
/* PLEASE LESS 10000 , greater 10000 for system */
INSERT INTO XT_MENU(MENUID, LABEL, `ORDER`, RESOURCEID) VALUES(10, 'Home', 1, 1000);
INSERT INTO XT_MENU(MENUID, PARENTID, LABEL, `ORDER`, RESOURCEID) VALUES(11, 10, 'Home', 1, 1000);
INSERT INTO XT_MENU(MENUID, PARENTID, LABEL, `ORDER`, RESOURCEID) VALUES(12, 10, 'Dashboard', 1, 1000);

INSERT INTO XT_MENU(MENUID, LABEL, `ORDER`, RESOURCEID) VALUES(20, 'Office', 2, NULL);

/*
INSERT INTO XT_MENU(MENUID, PARENTID, LABEL, `ORDER`, RESOURCEID) VALUES(21, 20, 'CandidateTask', 1, 1020);
INSERT INTO XT_MENU(MENUID, PARENTID, LABEL, `ORDER`, RESOURCEID) VALUES(22, 20, 'MyToDoTask', 1, 1024);
INSERT INTO XT_MENU(MENUID, PARENTID, LABEL, `ORDER`, RESOURCEID) VALUES(23, 20, 'MyHistoricProcessInstance', 2, 1021);
INSERT INTO XT_MENU(MENUID, PARENTID, LABEL, `ORDER`, RESOURCEID) VALUES(24, 20, 'MyStartupProcess', 3, 1022);
INSERT INTO XT_MENU(MENUID, PARENTID, LABEL, `ORDER`, RESOURCEID) VALUES(25, 20, 'VacationDemo', 4, 10000);
*/
INSERT INTO XT_MENU(MENUID, LABEL, `ORDER`, RESOURCEID) VALUES(30, 'Desktop', 3, NULL);
INSERT INTO XT_MENU(MENUID, PARENTID, LABEL, `ORDER`, RESOURCEID) VALUES(31, 30, 'Project', 1, null);

INSERT INTO XT_MENU(MENUID, LABEL, `ORDER`, RESOURCEID) VALUES(40, 'Community', 4, NULL);
INSERT INTO XT_MENU(MENUID, PARENTID, LABEL, `ORDER`, RESOURCEID) VALUES(41, 40, 'BBS', 1, null);
INSERT INTO XT_MENU(MENUID, PARENTID, LABEL, `ORDER`, RESOURCEID) VALUES(42, 40, 'Chat', 1, null);
INSERT INTO XT_MENU(MENUID, PARENTID, LABEL, `ORDER`, RESOURCEID) VALUES(43, 40, 'Wiki', 1, null);
INSERT INTO XT_MENU(MENUID, PARENTID, LABEL, `ORDER`, RESOURCEID) VALUES(44, 40, 'Blog', 1, null);
INSERT INTO XT_MENU(MENUID, PARENTID, LABEL, `ORDER`, RESOURCEID) VALUES(45, 40, 'Knowledge', 1, null);

INSERT INTO XT_MENU(MENUID, LABEL, `ORDER`, RESOURCEID) VALUES(80, 'System', 5, 1100);
INSERT INTO XT_MENU(MENUID, PARENTID, LABEL, `ORDER`, RESOURCEID) VALUES(81, 80, 'ListEmployee', 1, 1100);
INSERT INTO XT_MENU(MENUID, PARENTID, LABEL, `ORDER`, RESOURCEID) VALUES(82, 80, 'ListRole', 2, 1110);
INSERT INTO XT_MENU(MENUID, PARENTID, LABEL, `ORDER`, RESOURCEID) VALUES(83, 80, 'ListOrg', 3, 1120);
INSERT INTO XT_MENU(MENUID, PARENTID, LABEL, `ORDER`, RESOURCEID) VALUES(84, 80, 'ListDepartment', 4,1130);
INSERT INTO XT_MENU(MENUID, PARENTID, LABEL, `ORDER`, RESOURCEID) VALUES(85, 80, 'ListMenu', 5, 1150);
INSERT INTO XT_MENU(MENUID, PARENTID, LABEL, `ORDER`, RESOURCEID) VALUES(86, 80, 'ProcessDefinition', 6, null);
INSERT INTO XT_MENU(MENUID, PARENTID, LABEL, `ORDER`, RESOURCEID) VALUES(87, 80, 'ProcessInstance', 7, null);
INSERT INTO XT_MENU(MENUID, PARENTID, LABEL, `ORDER`, RESOURCEID) VALUES(88, 80, 'ProcessDesigner', 8, null);

-- INSERT INTO XT_MENU(MENUID, LABEL, `ORDER`, RESOURCEID) VALUES(90, 'Log', 6, 60 );
-- INSERT INTO XT_MENU(MENUID, PARENTID, LABEL, `ORDER`, RESOURCEID) VALUES(91, 90, 'ViewSystemInformation', 1, 60);
-- INSERT INTO XT_MENU(MENUID, PARENTID, LABEL, `ORDER`, RESOURCEID) VALUES(92, 90, 'ListFour0Four', 2, 61);
-- INSERT INTO XT_MENU(MENUID, PARENTID, LABEL, `ORDER`, RESOURCEID) VALUES(93, 90, 'ListSlowLog', 3, 67);
-- INSERT INTO XT_MENU(MENUID, PARENTID, LABEL, `ORDER`, RESOURCEID) VALUES(94, 90, 'ListUserAccesLog', 4, 63);
-- INSERT INTO XT_MENU(MENUID, PARENTID, LABEL, `ORDER`, RESOURCEID) VALUES(95, 90, 'ListAccessPageLog', 5, 69);
-- INSERT INTO XT_MENU(MENUID, PARENTID, LABEL, `ORDER`, RESOURCEID) VALUES(96, 90, 'ListAlarmLog', 6, 65);

INSERT INTO XT_ROLEMENU(ROLEID, MENUID) (SELECT 1, MENUID FROM XT_MENU );

/*
INSERT INTO XT_MENU(MENUID, LABEL, `ORDER`, RESOURCEID) VALUES(100, 'Workflow', 4, 1000 );

INSERT INTO XT_MENU(MENUID, LABEL, `ORDER`, CHOOSE, PARENTID, RESOURCEID) VALUES(305, 'WorkFlow', 5, 0,2, 140);

INSERT INTO XT_MENU(MENUID, LABEL, `ORDER`, CHOOSE, PARENTID, RESOURCEID) VALUES(201, 'My Task', 1, 0,2, 1);
INSERT INTO XT_MENU(MENUID, LABEL, `ORDER`, CHOOSE, PARENTID, RESOURCEID) VALUES(202, 'My WorkFlow', 2, 0,2, 1);
*/

/* ---------------------------------------- */
-- INSERT INTO XT_TOOLBOX(ICON, NAME, DESCRIPTION, RESOURCEID, `ORDER`, FIX) VALUES('add.png', 'Manage', 'Manage', 171, 1, 1);
-- INSERT INTO XT_TOOLBOX(ICON, NAME, DESCRIPTION, RESOURCEID, `ORDER`) VALUES('contacts.png','Contacts', 'Contacts', 1030, 2);
-- INSERT INTO XT_TOOLBOX(ICON, NAME, DESCRIPTION, RESOURCEID, `ORDER`) VALUES('notes.png','Notes', 'Notes', 1020, 3);
-- INSERT INTO XT_TOOLBOX(ICON, NAME, DESCRIPTION, RESOURCEID, `ORDER`) VALUES('bookmark.png','Bookmark', 'Bookmark', 1010,4 );
-- INSERT INTO XT_TOOLBOX(ICON, NAME, DESCRIPTION, RESOURCEID, `ORDER`) VALUES('clock.png','Clock', 'Clock', 1000, 5);
-- INSERT INTO XT_TOOLBOX(ICON, NAME, DESCRIPTION, RESOURCEID, `ORDER`) VALUES('game.png', 'Game', 'game', null, 6);
INSERT INTO XT_TOOLBOX(ICON, NAME, DESCRIPTION, RESOURCEID, `ORDER`, FIX) VALUES('add.png', 'Manage', 'Manage', null, 1, 1);
INSERT INTO XT_TOOLBOX(ICON, NAME, DESCRIPTION, RESOURCEID, `ORDER`) VALUES('contacts.png','Contacts', 'Contacts', null, 2);
INSERT INTO XT_TOOLBOX(ICON, NAME, DESCRIPTION, RESOURCEID, `ORDER`) VALUES('notes.png','Notes', 'Notes', null, 3);
INSERT INTO XT_TOOLBOX(ICON, NAME, DESCRIPTION, RESOURCEID, `ORDER`) VALUES('bookmark.png','Bookmark', 'Bookmark', null,4 );
INSERT INTO XT_TOOLBOX(ICON, NAME, DESCRIPTION, RESOURCEID, `ORDER`) VALUES('clock.png','Clock', 'Clock', null, 5);
INSERT INTO XT_TOOLBOX(ICON, NAME, DESCRIPTION, RESOURCEID, `ORDER`) VALUES('game.png', 'Game', 'Game', null, 6);

INSERT INTO XT_USERTOOLBOX(USERID, TOOLBOXID)  (SELECT 1, TOOLBOXID FROM XT_TOOLBOX );

/* ---------------------------------------- */
DELETE FROM XT_FIELD;
DELETE FROM XT_VIEW;

/* ------------------------------------------------------- */
INSERT INTO XT_VIEW(VIEWID, NAME, TABLENAME, LABEL, `TYPE`) VALUES(1, 'login', 'XT_LOGIN', 'Login', 'view');
INSERT INTO XT_FIELD(VIEWID, NAME, LABEL, OGNL, `TYPE`, SIZE, NULLABLE, FORMAT, DISPLAYINDEX, SORTINDEX) VALUES(1, 'loginid', 	'loginid',		null,	'pk',   	0,  0, null, 0, null);
INSERT INTO XT_FIELD(VIEWID, NAME, LABEL, OGNL, `TYPE`, SIZE, NULLABLE, FORMAT, DISPLAYINDEX, SORTINDEX) VALUES(1, 'loginname',	'loginname',	null,	'name', 	16,	0, null, 1, null);
INSERT INTO XT_FIELD(VIEWID, NAME, LABEL, OGNL, `TYPE`, SIZE, NULLABLE, FORMAT, DISPLAYINDEX, SORTINDEX) VALUES(1, 'password', 	'password',		null,	'string', 	64,	0, null, 0, null);

/* ------------------------------------------------------- */
INSERT INTO XT_VIEW(VIEWID, NAME, TABLENAME, LABEL, `TYPE`) VALUES(2, 'user','XT_USER', 'User', 'view');
INSERT INTO XT_FIELD(VIEWID, NAME, LABEL, OGNL, `TYPE`, SIZE, NULLABLE, FORMAT, DISPLAYINDEX, SORTINDEX) VALUES(2, 'userid', 	'userid',		null,	'pk',   	0,  0, null, 0, null);
INSERT INTO XT_FIELD(VIEWID, NAME, LABEL, OGNL, `TYPE`, SIZE, NULLABLE, FORMAT, DISPLAYINDEX, SORTINDEX) VALUES(2, 'name', 		'name',			null,	'name',   	0,  0, null, 0, null);

/* ------------------------------------------------------- */
INSERT INTO XT_VIEW(VIEWID, NAME, TABLENAME, LABEL, `TYPE`) VALUES(3, 'employee','XT_USER', 'Employee', 'view');
INSERT INTO XT_FIELD(VIEWID, NAME, LABEL, OGNL, `TYPE`, SIZE, NULLABLE, `FOREIGN`, FORMAT, ENUM, DISPLAYINDEX, SORTINDEX) VALUES(3, 'userid', 		'userid',		null,					'pk',   	0,  0, null,			null, 	null,	0, null);
INSERT INTO XT_FIELD(VIEWID, NAME, LABEL, OGNL, `TYPE`, SIZE, NULLABLE, `FOREIGN`, FORMAT, ENUM, DISPLAYINDEX, SORTINDEX) VALUES(3, 'name',			'name',			null,					'name', 	16,	0, null,			null, 	null,	1, null);
INSERT INTO XT_FIELD(VIEWID, NAME, LABEL, OGNL, `TYPE`, SIZE, NULLABLE, `FOREIGN`, FORMAT, ENUM, DISPLAYINDEX, SORTINDEX) VALUES(3, 'nickname',		'nickname',		null,					'string', 	16,	1, null,			null, 	null,	2, null);
INSERT INTO XT_FIELD(VIEWID, NAME, LABEL, OGNL, `TYPE`, SIZE, NULLABLE, `FOREIGN`, FORMAT, ENUM, DISPLAYINDEX, SORTINDEX) VALUES(3, 'gender',		'gender',		null, 					'enum', 	8,	1, null,			null, 	'Gender',3, null);
INSERT INTO XT_FIELD(VIEWID, NAME, LABEL, OGNL, `TYPE`, SIZE, NULLABLE, `FOREIGN`, FORMAT, ENUM, DISPLAYINDEX, SORTINDEX) VALUES(3, 'role', 		'role',			'role.name',			'string', 	0,	0, 'role',			null, 	null,	4, null);
INSERT INTO XT_FIELD(VIEWID, NAME, LABEL, OGNL, `TYPE`, SIZE, NULLABLE, `FOREIGN`, FORMAT, ENUM, DISPLAYINDEX, SORTINDEX) VALUES(3, 'org',  		'org',			'department.org.name', 	'string', 	0,	0, 'org',			null, 	null,	5, null);
INSERT INTO XT_FIELD(VIEWID, NAME, LABEL, OGNL, `TYPE`, SIZE, NULLABLE, `FOREIGN`, FORMAT, ENUM, DISPLAYINDEX, SORTINDEX) VALUES(3, 'department',	'department',	'department.name',		'string',	0,	0, 'department', 	null,   null,	6, null);
INSERT INTO XT_FIELD(VIEWID, NAME, LABEL, OGNL, `TYPE`, SIZE, NULLABLE, `FOREIGN`, FORMAT, ENUM, DISPLAYINDEX, SORTINDEX) VALUES(3, 'birthday',		'birthday',		null,  	   				'date', 	0,	1, null,			null,	null,	7, null);
INSERT INTO XT_FIELD(VIEWID, NAME, LABEL, OGNL, `TYPE`, SIZE, NULLABLE, `FOREIGN`, FORMAT, ENUM, DISPLAYINDEX, SORTINDEX) VALUES(3, 'mobile',		'mobile',		null,  	   				'string', 	16,	1, null,			null,	null,	9, null);
INSERT INTO XT_FIELD(VIEWID, NAME, LABEL, OGNL, `TYPE`, SIZE, NULLABLE, `FOREIGN`, FORMAT, ENUM, DISPLAYINDEX, SORTINDEX) VALUES(3, 'tel',			'tel',			null,  	   				'string', 	16,	1, null,			null,	null,	10, null);
INSERT INTO XT_FIELD(VIEWID, NAME, LABEL, OGNL, `TYPE`, SIZE, NULLABLE, `FOREIGN`, FORMAT, ENUM, DISPLAYINDEX, SORTINDEX) VALUES(3, 'email',		'email',		null,  	   				'string', 	32,	1, null,			null,	null,	11, null);
INSERT INTO XT_FIELD(VIEWID, NAME, LABEL, OGNL, `TYPE`, SIZE, NULLABLE, `FOREIGN`, FORMAT, ENUM, DISPLAYINDEX, SORTINDEX) VALUES(3, 'address',		'address',		null,  	   				'string', 	64,	1, null,			null,	null,	12, null);
INSERT INTO XT_FIELD(VIEWID, NAME, LABEL, OGNL, `TYPE`, SIZE, NULLABLE, `FOREIGN`, FORMAT, ENUM, DISPLAYINDEX, SORTINDEX) VALUES(3, 'zipcode',		'zipcode',		null,  	   				'string', 	16,	1, null,			null,	null,	13, null);
INSERT INTO XT_FIELD(VIEWID, NAME, LABEL, OGNL, `TYPE`, SIZE, NULLABLE, `FOREIGN`, FORMAT, ENUM, DISPLAYINDEX, SORTINDEX) VALUES(3, 'homepage',		'homepage',		null,  	   				'string', 	64,	1, null,			null,	null,	14, null);
INSERT INTO XT_FIELD(VIEWID, NAME, LABEL, OGNL, `TYPE`, SIZE, NULLABLE, `FOREIGN`, FORMAT, ENUM, DISPLAYINDEX, SORTINDEX) VALUES(3, 'aboutme',		'aboutme',		null,  	   				'string', 	128,1, null,			null,	null,	0, null);

/* ------------------------------------------------------- */
INSERT INTO XT_VIEW(VIEWID, NAME, TABLENAME, LABEL, `TYPE`) VALUES(4, 'customer','XT_USER', 'Customer', 'view');
INSERT INTO XT_FIELD(VIEWID, NAME, LABEL, OGNL, `TYPE`, SIZE, NULLABLE, FORMAT, DISPLAYINDEX, SORTINDEX) VALUES(4, 'userid', 'userid',	null,	'pk',   0,  0, null, 0, null);
INSERT INTO XT_FIELD(VIEWID, NAME, LABEL, OGNL, `TYPE`, SIZE, NULLABLE, FORMAT, DISPLAYINDEX, SORTINDEX) VALUES(4, 'name', 	 'name',	null,	'name', 0,  0, null, 0, null);

/* ------------------------------------------------------- */

INSERT INTO XT_VIEW(VIEWID, NAME, TABLENAME, LABEL,  `TYPE`) VALUES(5, 'role', 'XT_ROLE', 'Role', 'view');
INSERT INTO XT_FIELD(VIEWID, NAME, LABEL, OGNL, `TYPE`, SIZE, NULLABLE, FORMAT, ENUM, DISPLAYINDEX, SORTINDEX) VALUES(5, 'roleid', 		'roleid',		null,	'pk',   	0,  0, null, null,	0, null);
INSERT INTO XT_FIELD(VIEWID, NAME, LABEL, OGNL, `TYPE`, SIZE, NULLABLE, FORMAT, ENUM, DISPLAYINDEX, SORTINDEX) VALUES(5, 'name',      	'name',			null,	'name', 	16,	0, null, null,	1, null);
INSERT INTO XT_FIELD(VIEWID, NAME, LABEL, OGNL, `TYPE`, SIZE, NULLABLE, FORMAT, ENUM, DISPLAYINDEX, SORTINDEX) VALUES(5, 'description',  'description',	null,	'string', 	32,	1, null, null,	2, null);

/*------------------------------------------------------- */
INSERT INTO XT_VIEW(VIEWID, NAME, TABLENAME, LABEL, `TYPE`) VALUES(6, 'privilege', 'XT_PRIVILEGE', 'Privilege', 'view');
INSERT INTO XT_FIELD(VIEWID, NAME, LABEL, `TYPE`, FORMAT, DISPLAYINDEX, SORTINDEX) VALUES(6, 'privilegeid', 'privilegeid',	'pk', 		null, 0, null);
INSERT INTO XT_FIELD(VIEWID, NAME, LABEL, `TYPE`, FORMAT, DISPLAYINDEX, SORTINDEX) VALUES(6, 'name', 		'name',			'name', 	null, 1, null);
INSERT INTO XT_FIELD(VIEWID, NAME, LABEL, `TYPE`, FORMAT, DISPLAYINDEX, SORTINDEX) VALUES(6, 'description', 'description',	'string', 	null, 2, null);


/* ------------------------------------------------------- */

INSERT INTO XT_VIEW(VIEWID, NAME, TABLENAME, LABEL, `TYPE`) VALUES(7, 'department', 'XT_DEPARTMENT', 'Department',	'view');
INSERT INTO XT_FIELD(VIEWID, NAME, LABEL, OGNL, `TYPE`, SIZE, NULLABLE, `FOREIGN`, FORMAT, ENUM, DISPLAYINDEX, SORTINDEX) VALUES(7, 'departmentid', 'departmentid',	null, 			'pk',  		null,	0, null, 			null, null, 0, null);
INSERT INTO XT_FIELD(VIEWID, NAME, LABEL, OGNL, `TYPE`, SIZE, NULLABLE, `FOREIGN`, FORMAT, ENUM, DISPLAYINDEX, SORTINDEX) VALUES(7, 'name', 		'name',			null, 			'name', 	32, 	0, null, 			null, null, 1, null);
INSERT INTO XT_FIELD(VIEWID, NAME, LABEL, OGNL, `TYPE`, SIZE, NULLABLE, `FOREIGN`, FORMAT, ENUM, DISPLAYINDEX, SORTINDEX) VALUES(7, 'org', 			'org',			'org.name', 	'string', 	null,	0, 'org', 			null, null, 2, null);
INSERT INTO XT_FIELD(VIEWID, NAME, LABEL, OGNL, `TYPE`, SIZE, NULLABLE, `FOREIGN`, FORMAT, ENUM, DISPLAYINDEX, SORTINDEX) VALUES(7, 'parent',		'parent',		'parent.name', 	'string', 	null,	1, 'department', 	null, null, 3, null);
INSERT INTO XT_FIELD(VIEWID, NAME, LABEL, OGNL, `TYPE`, SIZE, NULLABLE, `FOREIGN`, FORMAT, ENUM, DISPLAYINDEX, SORTINDEX) VALUES(7, 'tel', 			'tel', 			null, 			'string', 	16,		1, null, 			null, null, 4, null);
INSERT INTO XT_FIELD(VIEWID, NAME, LABEL, OGNL, `TYPE`, SIZE, NULLABLE, `FOREIGN`, FORMAT, ENUM, DISPLAYINDEX, SORTINDEX) VALUES(7, 'description', 	'description',	null, 			'string', 	64,		1, null, 			null, null, 0, null);

/* ------------------------------------------------------- */

INSERT INTO XT_VIEW(VIEWID, NAME, TABLENAME, LABEL, `TYPE`) VALUES(8, 'org', 'XT_ORG', 'Org', 'view');
INSERT INTO XT_FIELD(VIEWID, NAME, LABEL, OGNL, `TYPE`, SIZE, NULLABLE, FORMAT, DISPLAYINDEX, SORTINDEX) VALUES(8, 'orgid',		'orgid',		 null, 	'pk',  		null,	0, null, 0, null);
INSERT INTO XT_FIELD(VIEWID, NAME, LABEL, OGNL, `TYPE`, SIZE, NULLABLE, FORMAT, DISPLAYINDEX, SORTINDEX) VALUES(8, 'name', 		'name',			 null, 	'name', 	64, 	0, null, 1, null);
INSERT INTO XT_FIELD(VIEWID, NAME, LABEL, OGNL, `TYPE`, SIZE, NULLABLE, FORMAT, DISPLAYINDEX, SORTINDEX) VALUES(8, 'tel', 		'tel',			 null, 	'string', 	16,		1, null, 2, null);
INSERT INTO XT_FIELD(VIEWID, NAME, LABEL, OGNL, `TYPE`, SIZE, NULLABLE, FORMAT, DISPLAYINDEX, SORTINDEX) VALUES(8, 'address',	'address',		 null, 	'string', 	64,		1, null, 3, null);
INSERT INTO XT_FIELD(VIEWID, NAME, LABEL, OGNL, `TYPE`, SIZE, NULLABLE, FORMAT, DISPLAYINDEX, SORTINDEX) VALUES(8, 'description', 'description', null, 	'string', 	64,		1, null, 0, null);

INSERT INTO XT_VIEW(VIEWID, NAME, TABLENAME, LABEL, `TYPE`) VALUES(9, 'menu', 'XT_MENU', 'Menu', 'view');
INSERT INTO XT_FIELD(VIEWID, NAME, LABEL, OGNL, `TYPE`, SIZE, NULLABLE, `FOREIGN`, FORMAT, DISPLAYINDEX, SORTINDEX) VALUES(9, 'menuid',	'menuid',	 	null, 				'pk',  		null,	null, 	null, 		null, 	0, null);
INSERT INTO XT_FIELD(VIEWID, NAME, LABEL, OGNL, `TYPE`, SIZE, NULLABLE, `FOREIGN`, FORMAT, DISPLAYINDEX, SORTINDEX) VALUES(9, 'label', 	'label',	 	null, 				'name', 	32, 	null, 	null, 		null, 	1, null);
INSERT INTO XT_FIELD(VIEWID, NAME, LABEL, OGNL, `TYPE`, SIZE, NULLABLE, `FOREIGN`, FORMAT, DISPLAYINDEX, SORTINDEX) VALUES(9, 'parent', 'parent',	 	'parent.label', 	'string', 	null,	1, 		'menu', 	null, 	2, null);
INSERT INTO XT_FIELD(VIEWID, NAME, LABEL, OGNL, `TYPE`, SIZE, NULLABLE, `FOREIGN`, FORMAT, DISPLAYINDEX, SORTINDEX) VALUES(9, 'resource', 'resource',	'resource.label', 	'string', 	null,	1, 		'resource', null, 	3, null);
INSERT INTO XT_FIELD(VIEWID, NAME, LABEL, OGNL, `TYPE`, SIZE, NULLABLE, `FOREIGN`, FORMAT, DISPLAYINDEX, SORTINDEX) VALUES(9, 'order', 	'order',	 	null, 				'int', 		null, 	1, 		null, 		null, 	0, null);
INSERT INTO XT_FIELD(VIEWID, NAME, LABEL, OGNL, `TYPE`, SIZE, NULLABLE, `FOREIGN`, FORMAT, DISPLAYINDEX, SORTINDEX) VALUES(9, 'parameter', 'parameter',	null, 				'string', 	64,		1, 		null, 		null, 	0, null);

INSERT INTO XT_VIEW(VIEWID, NAME, TABLENAME, LABEL, `TYPE`) VALUES(10, 'country', 'XT_COUNTRY', 'Country', 'view');
INSERT INTO XT_FIELD(VIEWID, NAME, LABEL, `TYPE`, FORMAT, DISPLAYINDEX, SORTINDEX) VALUES(10, 'countryid', 	'countryid','pk', 	null, 0, null);
INSERT INTO XT_FIELD(VIEWID, NAME, LABEL, `TYPE`, FORMAT, DISPLAYINDEX, SORTINDEX) VALUES(10, 'name', 		'name',		'name', null, 1, null);

INSERT INTO XT_VIEW(VIEWID, NAME, TABLENAME, LABEL, `TYPE`) VALUES(11, 'locale', 'XT_LOCALE', 'Locale', 'view');
INSERT INTO XT_FIELD(VIEWID, NAME, LABEL, `TYPE`, FORMAT, DISPLAYINDEX, SORTINDEX) VALUES(11, 'localeid','localeid', 'pk', 	null, 0, null);
INSERT INTO XT_FIELD(VIEWID, NAME, LABEL, `TYPE`, FORMAT, DISPLAYINDEX, SORTINDEX) VALUES(11, 'name', 	'name',		'name', null, 1, null);

INSERT INTO XT_VIEW(VIEWID, NAME, TABLENAME, LABEL, `TYPE`) VALUES(12, 'timezone', 'XT_TIMEZONE', 'Timezone', 'view');
INSERT INTO XT_FIELD(VIEWID, NAME, LABEL, `TYPE`, FORMAT, DISPLAYINDEX, SORTINDEX) VALUES(12, 'timezoneid', 'timezoneid', 'pk', null, 0,  null);
INSERT INTO XT_FIELD(VIEWID, NAME, LABEL, `TYPE`, FORMAT, DISPLAYINDEX, SORTINDEX) VALUES(12, 'name', 		'name', 	'name', null, 1, null);

INSERT INTO XT_VIEW(VIEWID, NAME, TABLENAME, LABEL, `TYPE`) VALUES(13, 'resource', 'XT_RESOURCE', 'Resource', 'view');
INSERT INTO XT_FIELD(VIEWID, NAME, LABEL, `TYPE`, FORMAT, DISPLAYINDEX, SORTINDEX) VALUES(13, 'resourceid', 'resourceid', 	'pk', 	null, 0, null);
INSERT INTO XT_FIELD(VIEWID, NAME, LABEL, `TYPE`, FORMAT, DISPLAYINDEX, SORTINDEX) VALUES(13, 'label', 		'label', 		'name', null, 1, null);

INSERT INTO XT_VIEW(VIEWID, NAME, TABLENAME, LABEL, `TYPE`) VALUES(14, 'toolbox', 'XT_TOOLBOX', 'Toolbox', 'view');
INSERT INTO XT_FIELD(VIEWID, NAME, LABEL, `TYPE`, FORMAT, DISPLAYINDEX, SORTINDEX) VALUES(14, 'toolboxid',	'toolboxid', 	'pk', 	null, 0, null);
INSERT INTO XT_FIELD(VIEWID, NAME, LABEL, `TYPE`, FORMAT, DISPLAYINDEX, SORTINDEX) VALUES(14, 'name',		'name', 		'name', null, 1, null);
INSERT INTO XT_FIELD(VIEWID, NAME, LABEL, `TYPE`, FORMAT, DISPLAYINDEX, SORTINDEX) VALUES(14, 'description','description', 'string', null, 2, null);
/*
INSERT INTO XT_VIEW(VIEWID, NAME, TABLENAME, LABEL, `TYPE`) VALUES(15, 'notes', 'XT_NOTES', 'Notes', 'view');
INSERT INTO XT_FIELD(VIEWID, NAME, LABEL, `TYPE`, FORMAT, DISPLAYINDEX, SORTINDEX) VALUES(15, 'notesid','notesid', 'pk', 	null, 0, null);
INSERT INTO XT_FIELD(VIEWID, NAME, LABEL, `TYPE`, FORMAT, DISPLAYINDEX, SORTINDEX) VALUES(15, 'title',	'title', 	'name', null, 1, null);

INSERT INTO XT_VIEW(VIEWID, NAME, TABLENAME, LABEL, `TYPE`) VALUES(1000, 'contacts', 'XT_CONTACTS', 'Contacts', 'view');
INSERT INTO XT_FIELD(VIEWID, NAME, LABEL, `TYPE`, FORMAT, DISPLAYINDEX, SORTINDEX) VALUES(1000, 'contactsid',	'contactsid', 	'pk', 		null, 0, null);
INSERT INTO XT_FIELD(VIEWID, NAME, LABEL, `TYPE`, FORMAT, DISPLAYINDEX, SORTINDEX) VALUES(1000, 'name',			'name', 		'name', 	null, 1, null);
INSERT INTO XT_FIELD(VIEWID, NAME, LABEL, `TYPE`, FORMAT, DISPLAYINDEX, SORTINDEX) VALUES(1000, 'gender',		'gender', 		'enum', 	null, 2, null);
INSERT INTO XT_FIELD(VIEWID, NAME, LABEL, `TYPE`, FORMAT, DISPLAYINDEX, SORTINDEX) VALUES(1000, 'tel1',			'tel1', 		'string', 	null, 3, null);
INSERT INTO XT_FIELD(VIEWID, NAME, LABEL, `TYPE`, FORMAT, DISPLAYINDEX, SORTINDEX) VALUES(1000, 'tel2',			'tel2', 		'string', 	null, 4, null);
INSERT INTO XT_FIELD(VIEWID, NAME, LABEL, `TYPE`, FORMAT, DISPLAYINDEX, SORTINDEX) VALUES(1000, 'tel3',			'tel3', 		'string', 	null, 5, null);
INSERT INTO XT_FIELD(VIEWID, NAME, LABEL, `TYPE`, FORMAT, DISPLAYINDEX, SORTINDEX) VALUES(1000, 'mobile1',		'mobile1', 		'string', 	null, 6, null);
INSERT INTO XT_FIELD(VIEWID, NAME, LABEL, `TYPE`, FORMAT, DISPLAYINDEX, SORTINDEX) VALUES(1000, 'mobile2',		'mobile2', 		'string', 	null, 7, null);
INSERT INTO XT_FIELD(VIEWID, NAME, LABEL, `TYPE`, FORMAT, DISPLAYINDEX, SORTINDEX) VALUES(1000, 'mobile3',		'mobile3', 		'string', 	null, 8, null);
INSERT INTO XT_FIELD(VIEWID, NAME, LABEL, `TYPE`, FORMAT, DISPLAYINDEX, SORTINDEX) VALUES(1000, 'email',		'email', 		'string', 	null, 9, null);
*/

/*
INSERT INTO XT_VIEW(VIEWID, NAME, TABLENAME, LABEL, `TYPE`) VALUES(80, 'Four0Four', 'XL_SYS_404', 'Four0Four', 'view');
INSERT INTO XT_FIELD(VIEWID, NAME, LABEL, OGNL, `TYPE`, `FOREIGN`, FORMAT, DISPLAYINDEX, SORTINDEX) VALUES(80, 'four0fourid',	'four0fourid',	null, 					'pk', 		0,null, 0, null);
INSERT INTO XT_FIELD(VIEWID, NAME, LABEL, OGNL, `TYPE`, `FOREIGN`, FORMAT, DISPLAYINDEX, SORTINDEX) VALUES(80, 'clientip',		'clientip',		null, 					'name', 	0,null, 1, null);
INSERT INTO XT_FIELD(VIEWID, NAME, LABEL, OGNL, `TYPE`, `FOREIGN`, FORMAT, DISPLAYINDEX, SORTINDEX) VALUES(80, 'page',			'page',			null, 					'string', 	0,null, 2, null);
INSERT INTO XT_FIELD(VIEWID, NAME, LABEL, OGNL, `TYPE`, `FOREIGN`, FORMAT, DISPLAYINDEX, SORTINDEX) VALUES(80, 'referer',		'referer',		null, 					'string', 	0,null, 3, null);
INSERT INTO XT_FIELD(VIEWID, NAME, LABEL, OGNL, `TYPE`, `FOREIGN`, FORMAT, DISPLAYINDEX, SORTINDEX) VALUES(80, 'createTime',	'createTime',	null, 					'datetime', 0,null, 4, null);

INSERT INTO XT_VIEW(VIEWID, NAME, TABLENAME, LABEL, `TYPE`) VALUES(81, 'Performance', 'XL_SYS_PERFORMANCE', 'Performance', 'view');
INSERT INTO XT_FIELD(VIEWID, NAME, LABEL, OGNL, `TYPE`, `FOREIGN`, FORMAT, DISPLAYINDEX, SORTINDEX) VALUES(81, 'performanceId',	'performanceId',	null, 					'pk', 		0,null, 0, null);
INSERT INTO XT_FIELD(VIEWID, NAME, LABEL, OGNL, `TYPE`, `FOREIGN`, FORMAT, DISPLAYINDEX, SORTINDEX) VALUES(81, 'action',		'action',				null, 					'name', 	0,null, 1, null);
INSERT INTO XT_FIELD(VIEWID, NAME, LABEL, OGNL, `TYPE`, `FOREIGN`, FORMAT, DISPLAYINDEX, SORTINDEX) VALUES(81, 'thresholdTime',	'thresholdTime',		null,					'int', 		0,'# ms', 2, null);
INSERT INTO XT_FIELD(VIEWID, NAME, LABEL, OGNL, `TYPE`, `FOREIGN`, FORMAT, DISPLAYINDEX, SORTINDEX) VALUES(81, 'requestTime',	'requestTime',			null,					'datetime',	0,null, 3, null);
INSERT INTO XT_FIELD(VIEWID, NAME, LABEL, OGNL, `TYPE`, `FOREIGN`, FORMAT, DISPLAYINDEX, SORTINDEX) VALUES(81, 'duration',		'duration',				null,					'long', 	0,'# ms', 4, null);

INSERT INTO XT_VIEW(VIEWID, NAME, TABLENAME, LABEL, `TYPE`) VALUES(82, 'UserLoginLog', 'XL_USER_LOGIN', 'UserLoginLog', 'view');
INSERT INTO XT_FIELD(VIEWID, NAME, LABEL, OGNL, `TYPE`, `FOREIGN`, FORMAT, DISPLAYINDEX, SORTINDEX) VALUES(82, 'userLoginLogId','userLoginLogId',		null, 					'pk', 		0,null, 0, null);
INSERT INTO XT_FIELD(VIEWID, NAME, LABEL, OGNL, `TYPE`, `FOREIGN`, FORMAT, DISPLAYINDEX, SORTINDEX) VALUES(82, 'name',			'name',					null, 					'name', 	0,null, 1, null);
INSERT INTO XT_FIELD(VIEWID, NAME, LABEL, OGNL, `TYPE`, `FOREIGN`, FORMAT, DISPLAYINDEX, SORTINDEX) VALUES(82, 'clientIP',		'clientIP',				null,					'string', 	0,null, 2, null);
INSERT INTO XT_FIELD(VIEWID, NAME, LABEL, OGNL, `TYPE`, `FOREIGN`, FORMAT, DISPLAYINDEX, SORTINDEX) VALUES(82, 'serverIP',		'serverIP',				null, 					'string', 	0,null, 3, null);
INSERT INTO XT_FIELD(VIEWID, NAME, LABEL, OGNL, `TYPE`, `FOREIGN`, FORMAT, DISPLAYINDEX, SORTINDEX) VALUES(82, 'loginTime',		'loginTime',			null, 					'datetime', 0,null, 4, null);
INSERT INTO XT_FIELD(VIEWID, NAME, LABEL, OGNL, `TYPE`, `FOREIGN`, FORMAT, DISPLAYINDEX, SORTINDEX) VALUES(82, 'browserLocal',	'browserLocal',			null, 					'string', 	0,null, 5, null);
INSERT INTO XT_FIELD(VIEWID, NAME, LABEL, OGNL, `TYPE`, `FOREIGN`, FORMAT, DISPLAYINDEX, SORTINDEX) VALUES(82, 'browserOffset',	'browserOffset',		null, 					'string', 	0,null, 6, null);
INSERT INTO XT_FIELD(VIEWID, NAME, LABEL, OGNL, `TYPE`, `FOREIGN`, FORMAT, DISPLAYINDEX, SORTINDEX) VALUES(82, 'browserReferer','browserReferer',		null, 					'string', 	0,null, 7, null);
INSERT INTO XT_FIELD(VIEWID, NAME, LABEL, OGNL, `TYPE`, `FOREIGN`, FORMAT, DISPLAYINDEX, SORTINDEX) VALUES(82, 'browserAgent',	'browserAgent',			null, 					'string', 	0,null, 8, null);
INSERT INTO XT_FIELD(VIEWID, NAME, LABEL, OGNL, `TYPE`, `FOREIGN`, FORMAT, DISPLAYINDEX, SORTINDEX) VALUES(82, 'browserColorDepth','browserColorDepth',	null, 					'string', 	0,null, 9, null);
INSERT INTO XT_FIELD(VIEWID, NAME, LABEL, OGNL, `TYPE`, `FOREIGN`, FORMAT, DISPLAYINDEX, SORTINDEX) VALUES(82, 'browserDPI',	'browserDPI',			null, 					'string',	0,null, 10, null);
INSERT INTO XT_FIELD(VIEWID, NAME, LABEL, OGNL, `TYPE`, `FOREIGN`, FORMAT, DISPLAYINDEX, SORTINDEX) VALUES(82, 'screenWidth',	'screenWidth',			null, 					'string', 	0,null, 11, null);
INSERT INTO XT_FIELD(VIEWID, NAME, LABEL, OGNL, `TYPE`, `FOREIGN`, FORMAT, DISPLAYINDEX, SORTINDEX) VALUES(82, 'screenHeight',	'screenHeight',			null, 					'string', 	0,null, 12, null);
INSERT INTO XT_FIELD(VIEWID, NAME, LABEL, OGNL, `TYPE`, `FOREIGN`, FORMAT, DISPLAYINDEX, SORTINDEX) VALUES(82, 'latitude',		'latitude',				null, 					'string', 	0,null, 13, null);
INSERT INTO XT_FIELD(VIEWID, NAME, LABEL, OGNL, `TYPE`, `FOREIGN`, FORMAT, DISPLAYINDEX, SORTINDEX) VALUES(82, 'longitude',		'longitude',			null, 					'string', 	0,null, 14, null);

INSERT INTO XT_VIEW(VIEWID, NAME, TABLENAME, LABEL, `TYPE`) VALUES(83, 'UserAccessLog', 'XL_USER_ACCESS', 'UserAccessLog', 'view');
INSERT INTO XT_FIELD(VIEWID, NAME, LABEL, OGNL, `TYPE`, `FOREIGN`, FORMAT, DISPLAYINDEX, SORTINDEX) VALUES(83, 'userAccessLogId',	'userAccessLogId',	null, 					'pk', 		0,null, 0, null);
INSERT INTO XT_FIELD(VIEWID, NAME, LABEL, OGNL, `TYPE`, `FOREIGN`, FORMAT, DISPLAYINDEX, SORTINDEX) VALUES(83, 'page',				'page',				null, 					'name', 	0,null, 1, null);
INSERT INTO XT_FIELD(VIEWID, NAME, LABEL, OGNL, `TYPE`, `FOREIGN`, FORMAT, DISPLAYINDEX, SORTINDEX) VALUES(83, 'when',				'when',		null,					'datetime', 0, null, 2, null);
INSERT INTO XT_FIELD(VIEWID, NAME, LABEL, OGNL, `TYPE`, `FOREIGN`, FORMAT, DISPLAYINDEX, SORTINDEX) VALUES(83, 'duration',			'duration',			null,					'long',		0, '# s', 3, null);

INSERT INTO XT_VIEW(VIEWID, NAME, TABLENAME, LABEL, `TYPE`) VALUES(84, 'UserAlarmLog', 'XL_USER_ALARM', 'UserAlarmLog', 'view');
INSERT INTO XT_FIELD(VIEWID, NAME, LABEL, OGNL, `TYPE`, `FOREIGN`, FORMAT, DISPLAYINDEX, SORTINDEX) VALUES(84, 'userAlarmLogId','userAlarmLogId',null, 					'pk', 		0,null, 0, null);
INSERT INTO XT_FIELD(VIEWID, NAME, LABEL, OGNL, `TYPE`, `FOREIGN`, FORMAT, DISPLAYINDEX, SORTINDEX) VALUES(84, 'action',		'Action',		null, 					'name', 	0,null, 1, null);
INSERT INTO XT_FIELD(VIEWID, NAME, LABEL, OGNL, `TYPE`, `FOREIGN`, FORMAT, DISPLAYINDEX, SORTINDEX) VALUES(84, 'httpMethod',	'HttpMethod',	null, 					'string', 	0,null, 2, null);
INSERT INTO XT_FIELD(VIEWID, NAME, LABEL, OGNL, `TYPE`, `FOREIGN`, FORMAT, DISPLAYINDEX, SORTINDEX) VALUES(84, 'fileName',		'FileName',		null, 					'string', 	0,null, 3, null);
INSERT INTO XT_FIELD(VIEWID, NAME, LABEL, OGNL, `TYPE`, `FOREIGN`, FORMAT, DISPLAYINDEX, SORTINDEX) VALUES(84, 'className',		'ClassName',	null, 					'string', 	0,null, 4, null);
INSERT INTO XT_FIELD(VIEWID, NAME, LABEL, OGNL, `TYPE`, `FOREIGN`, FORMAT, DISPLAYINDEX, SORTINDEX) VALUES(84, 'methodName',	'MethodName',	null, 					'string', 	0,null, 5, null);
INSERT INTO XT_FIELD(VIEWID, NAME, LABEL, OGNL, `TYPE`, `FOREIGN`, FORMAT, DISPLAYINDEX, SORTINDEX) VALUES(84, 'lineNumber',	'LineNumber',	null, 					'int', 		0,null, 6, null);
INSERT INTO XT_FIELD(VIEWID, NAME, LABEL, OGNL, `TYPE`, `FOREIGN`, FORMAT, DISPLAYINDEX, SORTINDEX) VALUES(84, 'message',		'Message',		null, 					'string', 	0,null, 7, null);
INSERT INTO XT_FIELD(VIEWID, NAME, LABEL, OGNL, `TYPE`, `FOREIGN`, FORMAT, DISPLAYINDEX, SORTINDEX) VALUES(84, 'createTime',	'CreateTime',	null,					'datetime', 0,null, 8, null);
*/

/*

INSERT INTO XT_VIEW(VIEWID, NAME, LABEL, `TYPE`) VALUES(100, 'ProcessDefinition', 'ProcessDefinition', 'object');
INSERT INTO XT_FIELD(VIEWID, NAME, LABEL, `TYPE`, FORMAT, DISPLAYINDEX, SORTINDEX) VALUES(100, 'id',			'id', 			'pk', 		null, 0, null);
INSERT INTO XT_FIELD(VIEWID, NAME, LABEL, `TYPE`, FORMAT, DISPLAYINDEX, SORTINDEX) VALUES(100, 'name',			'name', 		'name', 	null, 1, null);
INSERT INTO XT_FIELD(VIEWID, NAME, LABEL, `TYPE`, FORMAT, DISPLAYINDEX, SORTINDEX) VALUES(100, 'version',		'version', 		'int', 		null, 2, null);
INSERT INTO XT_FIELD(VIEWID, NAME, LABEL, `TYPE`, FORMAT, DISPLAYINDEX, SORTINDEX) VALUES(100, 'key',			'key', 			'string', 	null, 3, null);
INSERT INTO XT_FIELD(VIEWID, NAME, LABEL, `TYPE`, FORMAT, DISPLAYINDEX, SORTINDEX) VALUES(100, 'description',	'description', 	'string', 	null, 4, null);
INSERT INTO XT_FIELD(VIEWID, NAME, LABEL, `TYPE`, FORMAT, DISPLAYINDEX, SORTINDEX) VALUES(100, 'suspended',		'suspended', 	'bool', 	null, 5, null);


INSERT INTO XT_VIEW(VIEWID, NAME, LABEL, `TYPE`) VALUES(101, 'ProcessInstance', 'ProcessInstance', 'object');
INSERT INTO XT_FIELD(VIEWID, NAME, LABEL, `TYPE`, FORMAT, DISPLAYINDEX, SORTINDEX) VALUES(101, 'id',						'id', 						'pk', 		null, 0, null);
INSERT INTO XT_FIELD(VIEWID, NAME, LABEL, `TYPE`, FORMAT, DISPLAYINDEX, SORTINDEX) VALUES(101, 'name',						'name', 					'name', 	null, 1, null);
INSERT INTO XT_FIELD(VIEWID, NAME, LABEL, `TYPE`, FORMAT, DISPLAYINDEX, SORTINDEX) VALUES(101, 'processDefinitionName',		'processDefinitionName', 	'string', 	null, 2, null);
INSERT INTO XT_FIELD(VIEWID, NAME, LABEL, `TYPE`, FORMAT, DISPLAYINDEX, SORTINDEX) VALUES(101, 'processDefinitionVersion',	'processDefinitionVersion', 'int', 		null, 3, null);
INSERT INTO XT_FIELD(VIEWID, NAME, LABEL, `TYPE`, FORMAT, DISPLAYINDEX, SORTINDEX) VALUES(101, 'ended',						'ended', 					'bool', 	null, 4, null);
INSERT INTO XT_FIELD(VIEWID, NAME, LABEL, `TYPE`, FORMAT, DISPLAYINDEX, SORTINDEX) VALUES(101, 'suspended',					'suspended', 				'bool',		null, 5, null);

INSERT INTO XT_VIEW(VIEWID, NAME, LABEL, `TYPE`) VALUES(102, 'HistoricTaskInstance', 'HistoricTaskInstance', 'object');
INSERT INTO XT_FIELD(VIEWID, NAME, LABEL, `TYPE`, FORMAT, DISPLAYINDEX, SORTINDEX) VALUES(102, 'id',			'id', 			'pk', 		null, 0, null);
INSERT INTO XT_FIELD(VIEWID, NAME, LABEL, `TYPE`, FORMAT, DISPLAYINDEX, SORTINDEX) VALUES(102, 'name',		'name', 		'name', 	null, 1, null);
INSERT INTO XT_FIELD(VIEWID, NAME, LABEL, `TYPE`, FORMAT, DISPLAYINDEX, SORTINDEX) VALUES(102, 'owner',		'owner', 		'string', 	null, 2, null);
INSERT INTO XT_FIELD(VIEWID, NAME, LABEL, `TYPE`, FORMAT, DISPLAYINDEX, SORTINDEX) VALUES(102, 'priority',	'priority', 	'enum', 	null, 3, null);
INSERT INTO XT_FIELD(VIEWID, NAME, LABEL, `TYPE`, FORMAT, DISPLAYINDEX, SORTINDEX) VALUES(102, 'claimTime',	'claimTime', 	'datetime', null, 4, null);
INSERT INTO XT_FIELD(VIEWID, NAME, LABEL, `TYPE`, FORMAT, DISPLAYINDEX, SORTINDEX) VALUES(102, 'startTime',	'startTime', 	'datetime', null, 5, null);
INSERT INTO XT_FIELD(VIEWID, NAME, LABEL, `TYPE`, FORMAT, DISPLAYINDEX, SORTINDEX) VALUES(102, 'endTime',	'endTime', 		'datetime', null, 6, null);
INSERT INTO XT_FIELD(VIEWID, NAME, LABEL, `TYPE`, FORMAT, DISPLAYINDEX, SORTINDEX) VALUES(102, 'description','description', 'string', 	null, 7, null);

INSERT INTO XT_VIEW(VIEWID, NAME, LABEL, `TYPE`) VALUES(103, 'CandidateTask', 'CandidateTask', 	'object');
INSERT INTO XT_FIELD(VIEWID, NAME, LABEL, `TYPE`, FORMAT, DISPLAYINDEX, SORTINDEX) VALUES(103, 			'id',				'id', 					'pk', 		null, 0, null);
INSERT INTO XT_FIELD(VIEWID, NAME, LABEL, `TYPE`, FORMAT, DISPLAYINDEX, SORTINDEX) VALUES(103, 			'name',				'name', 				'name', 	null, 1, null);
INSERT INTO XT_FIELD(VIEWID, NAME, LABEL, `TYPE`, FORMAT, DISPLAYINDEX, SORTINDEX) VALUES(103, 			'priority',			'priority', 			'enum', 	null, 2, null);
INSERT INTO XT_FIELD(VIEWID, NAME, LABEL, `TYPE`, OGNL,	  FORMAT, DISPLAYINDEX, SORTINDEX) VALUES(103, 'processdefinition',	'processdefinition', 	'string', 	'processinstance.processdefinition.name', null, 3, null);
INSERT INTO XT_FIELD(VIEWID, NAME, LABEL, `TYPE`, FORMAT, DISPLAYINDEX, SORTINDEX) VALUES(103, 			'createtime',		'createtime', 			'datetime', null, 4, null);
INSERT INTO XT_FIELD(VIEWID, NAME, LABEL, `TYPE`, FORMAT, DISPLAYINDEX, SORTINDEX) VALUES(103, 			'description',		'description', 			'string', 	null, 5, null);
INSERT INTO XT_FIELD(VIEWID, NAME, LABEL, `TYPE`, FORMAT, DISPLAYINDEX, SORTINDEX) VALUES(103, 			'suspended',		'suspended', 			'bool', 	null, 6, null);

INSERT INTO XT_VIEW(VIEWID, NAME, LABEL, `TYPE`) VALUES(104, 'ToDoTask', 'ToDoTask', 'object');
INSERT INTO XT_FIELD(VIEWID, NAME, LABEL, `TYPE`, FORMAT, DISPLAYINDEX, SORTINDEX) VALUES(104, 			'id',				'id', 				'pk', 		null, 0, null);
INSERT INTO XT_FIELD(VIEWID, NAME, LABEL, `TYPE`, FORMAT, DISPLAYINDEX, SORTINDEX) VALUES(104, 			'name',				'name', 			'name', 	null, 1, null);
INSERT INTO XT_FIELD(VIEWID, NAME, LABEL, `TYPE`, FORMAT, DISPLAYINDEX, SORTINDEX) VALUES(104, 			'owner',			'owner', 			'string',	null, 2, null);
INSERT INTO XT_FIELD(VIEWID, NAME, LABEL, `TYPE`, FORMAT, DISPLAYINDEX, SORTINDEX) VALUES(104, 			'priority',			'priority', 		'enum', 	null, 3, null);
INSERT INTO XT_FIELD(VIEWID, NAME, LABEL, `TYPE`, OGNL,	  FORMAT, DISPLAYINDEX, SORTINDEX) VALUES(104, 'processdefinition','processdefinition', 'string', 	'processinstance.processdefinition.name', null, 4, null);
INSERT INTO XT_FIELD(VIEWID, NAME, LABEL, `TYPE`, FORMAT, DISPLAYINDEX, SORTINDEX) VALUES(104, 			'createtime',		'createtime', 		'datetime', null, 5, null);
INSERT INTO XT_FIELD(VIEWID, NAME, LABEL, `TYPE`, FORMAT, DISPLAYINDEX, SORTINDEX) VALUES(104, 			'description',		'description', 		'string', 	null, 6, null);

INSERT INTO XT_VIEW(VIEWID, NAME, LABEL, `TYPE`) VALUES(105, 'HistoricProcessInstance', 'HistoricProcessInstance', 'object');
INSERT INTO XT_FIELD(VIEWID, NAME, LABEL, `TYPE`, FORMAT, DISPLAYINDEX, SORTINDEX) VALUES(105, 'id',			'id', 			'pk', null, 0, null);
INSERT INTO XT_FIELD(VIEWID, NAME, LABEL, `TYPE`, FORMAT, DISPLAYINDEX, SORTINDEX) VALUES(105, 'name',			'name', 		'name', null, 1, null);
INSERT INTO XT_FIELD(VIEWID, NAME, LABEL, `TYPE`, FORMAT, DISPLAYINDEX, SORTINDEX) VALUES(105, 'startTime',		'startTime', 	'datetime', null, 2, null);
INSERT INTO XT_FIELD(VIEWID, NAME, LABEL, `TYPE`, FORMAT, DISPLAYINDEX, SORTINDEX) VALUES(105, 'endTime',		'endTime', 		'datetime', null, 3, null);
INSERT INTO XT_FIELD(VIEWID, NAME, LABEL, `TYPE`, FORMAT, DISPLAYINDEX, SORTINDEX) VALUES(105, 'deleteReason',	'deleteReason', 'string', null, 4, null);
*/

